<?xml version="1.0" encoding="UTF-8"?>
<beans xmlns="http://www.springframework.org/schema/beans"
    xmlns:xsi="http://www.w3.org/2001/XMLSchema-instance" xmlns:context="http://www.springframework.org/schema/context"
    xmlns:aop="http://www.springframework.org/schema/aop"
    xsi:schemaLocation="http://www.springframework.org/schema/beans
    http://www.springframework.org/schema/beans/spring-beans-3.0.xsd
    http://www.springframework.org/schema/context
    http://www.springframework.org/schema/context/spring-context-3.0.xsd
    http://www.springframework.org/schema/aop 
    http://www.springframework.org/schema/aop/spring-aop-3.0.xsd
    ">
    
    <context:component-scan base-package="com.controllers"/>
    
    <bean class="org.springframework.web.servlet.view.InternalResourceViewResolver" id="viewResolver">
    	<property name="prefix">
    		<value>/WEB-INF/jspFiles/</value>
    	</property>
    	<property name="suffix">
    		<value>.jsp</value>
    	</property>
    </bean>
    
  </beans>  