<?xml version="1.0" encoding="UTF-8"?>
<beans xmlns="http://www.springframework.org/schema/beans"
       xmlns:xsi="http://www.w3.org/2001/XMLSchema-instance"
       xmlns:context="http://www.springframework.org/schema/context"
       xsi:schemaLocation="http://www.springframework.org/schema/beans 
          http://www.springframework.org/schema/beans/spring-beans.xsd
          http://www.springframework.org/schema/context
          http://www.springframework.org/schema/context/spring-context.xsd">
          
<context:annotation-config/>

<bean id="student1" class="com.spring.training.Student">
	<constructor-arg ref = "address" />
</bean>

<bean id="address" class="com.spring.training.Address">
	<constructor-arg type="String" value="Vikas"/>
	<constructor-arg type="String" value="Delhi"/>
</bean>

</beans>